<?xml version="1.0"?>
<doc>
    <assembly>
        <name>Master</name>
    </assembly>
    <members>
        <member name="T:Master.Properties.Resources">
            <summary>
              A strongly-typed resource class, for looking up localized strings, etc.
            </summary>
        </member>
        <member name="P:Master.Properties.Resources.ResourceManager">
            <summary>
              Returns the cached ResourceManager instance used by this class.
            </summary>
        </member>
        <member name="P:Master.Properties.Resources.Culture">
            <summary>
              Overrides the current thread's CurrentUICulture property for all
              resource lookups using this strongly typed resource class.
            </summary>
        </member>
        <member name="M:Master.Repository.BusinessCustomerRepository.SetParamsTypeCustomerInteraction(Npgsql.NpgsqlCommand,Database.TypeCustomerInteraction)">
            -----------------------------------
            TypeCustomerInteraction
            -----------------------------------
        </member>
        <member name="M:Master.Repository.BusinessCustomerRepository.SetParamsCustomerInteraction(Npgsql.NpgsqlCommand,Database.CustomerInteraction)">
            -----------------------------------
            CustomerInteraction
            -----------------------------------
        </member>
    </members>
</doc>
